code,system
419010,gprdproduct
419009,gprdproduct
3244001,gprdproduct
1811009,gprdproduct
1335009,gprdproduct
1335010,gprdproduct
1451009,gprdproduct
14734001,gprdproduct
4398009,gprdproduct
3779009,gprdproduct
2872002,gprdproduct
1356010,gprdproduct
2872001,gprdproduct
3778009,gprdproduct
2447010,gprdproduct
14098001,gprdproduct
3440009,gprdproduct
2447009,gprdproduct
1356009,gprdproduct
2902002,gprdproduct
2902001,gprdproduct
1581010,gprdproduct
1581009,gprdproduct
235001,gprdproduct
235002,gprdproduct
2416001,gprdproduct
2416002,gprdproduct
2462001,gprdproduct
2462002,gprdproduct
854001,gprdproduct
212001,gprdproduct
418010,gprdproduct
753010,gprdproduct
418009,gprdproduct
753009,gprdproduct
417009,gprdproduct
752009,gprdproduct
752010,gprdproduct
417010,gprdproduct
2248009,gprdproduct
2224009,gprdproduct
2248010,gprdproduct
2224010,gprdproduct
2942002,gprdproduct
2942001,gprdproduct
2866007,gprdproduct
3384010,gprdproduct
3384009,gprdproduct
331001,gprdproduct
331002,gprdproduct
3312001,gprdproduct
1811010,gprdproduct
3244002,gprdproduct
7481001,gprdproduct
7481002,gprdproduct